Email,UPN,External User ID,CV Partner User ID,Clearance,Valid From,Valid To,Verified By,Notes
danielle.johnson@mail.test,daniellejohnson,ext_b89ca31a,b89ca31a,None,,,PMO,Imported from legacy sheet
joshua.walker@mail.test,joshuawalker,ext_74b836a3,74b836a3,None,,,Security,Imported from legacy sheet
jill.rhodes@example.org,jillrhodes,ext_70aaa8ab,70aaa8ab,None,,,Security,Imported from legacy sheet
patricia.miller@mail.test,patriciamiller,ext_080ef439,080ef439,SC,2023-03-05,,HR,Imported from legacy sheet
robert.johnson@mail.test,robertjohnson,ext_4253cf51,4253cf51,SC,2023-11-13,,PMO,Imported from legacy sheet
jeffery.wagner@example.org,jefferywagner,ext_6b7c67d6,6b7c67d6,SC,2024-07-03,,Security,Imported from legacy sheet
anthony.gonzalez@example.org,anthonygonzalez,ext_1266d379,1266d379,None,,,Security,Imported from legacy sheet
debra.gardner@mail.test,debragardner,ext_f81d901a,f81d901a,None,,,PMO,Imported from legacy sheet
jeffrey.lawrence@example.org,jeffreylawrence,ext_27b5fdea,27b5fdea,None,,,HR,Imported from legacy sheet
lisa.smith@example.org,lisasmith,ext_8eaaedc9,8eaaedc9,None,,,PMO,Imported from legacy sheet
linda.wolfe@example.com,lindawolfe,ext_be73b7c6,be73b7c6,NPPV2,2024-05-24,,Security,Imported from legacy sheet
matthew.moore@example.org,matthewmoore,ext_438b7d62,438b7d62,None,,,Security,Imported from legacy sheet
susan.rogers@example.org,susanrogers,ext_a01c407b,a01c407b,None,,,Security,Imported from legacy sheet
christopher.davis@example.com,christopherdavis,ext_e8d99f80,e8d99f80,SC,2024-08-29,,Security,Imported from legacy sheet
melanie.munoz@example.org,melaniemunoz,ext_44676ca2,44676ca2,None,,,HR,Imported from legacy sheet
lindsay.blair@example.com,lindsayblair,ext_e899c10b,e899c10b,NPPV2,2025-05-08,,PMO,Imported from legacy sheet
amanda.dudley@mail.test,amandadudley,ext_f1fd400b,f1fd400b,None,,,Security,Imported from legacy sheet
nicholas.arnold@mail.test,nicholasarnold,ext_0a463344,0a463344,NPPV2,2024-05-09,,PMO,Imported from legacy sheet
maria.montgomery@example.org,mariamontgomery,ext_390cea4f,390cea4f,None,,,HR,Imported from legacy sheet
michelle.ray@example.org,michelleray,ext_7f1a4c90,7f1a4c90,SC,2025-09-27,,Security,Imported from legacy sheet
janet.williams@example.com,janetwilliams,ext_2ca45ebf,2ca45ebf,None,,,HR,Imported from legacy sheet
jeremy.roberts@mail.test,jeremyroberts,ext_06c54c32,06c54c32,None,,,PMO,Imported from legacy sheet
christopher.hall@example.com,christopherhall,ext_45be8128,45be8128,None,,,Security,Imported from legacy sheet
craig.ramirez@mail.test,craigramirez,ext_13fc2325,13fc2325,NPPV2,2024-03-03,,HR,Imported from legacy sheet
cynthia.diaz@mail.test,cynthiadiaz,ext_b2ae8058,b2ae8058,SC,2023-08-17,,PMO,Imported from legacy sheet
mitchell.clark@example.org,mitchellclark,ext_692d1d52,692d1d52,None,,,HR,Imported from legacy sheet
joseph.zuniga@example.com,josephzuniga,ext_f71e85f3,f71e85f3,None,,,Security,Imported from legacy sheet
deborah.lynch@mail.test,deborahlynch,ext_b0ec21df,b0ec21df,None,,,PMO,
george.daniel@example.org,georgedaniel,ext_2c5c68bf,2c5c68bf,None,,,Security,Imported from legacy sheet
frank.gray@example.com,frankgray,ext_6e16f1c6,6e16f1c6,None,,,HR,Imported from legacy sheet
veronica.bowman@example.org,veronicabowman,ext_636ccae7,636ccae7,SC,2023-08-07,,PMO,Imported from legacy sheet
angela.cohen@example.org,angelacohen,ext_61b03405,61b03405,None,,,Security,Imported from legacy sheet
megan.parsons@mail.test,meganparsons,ext_fe88a406,fe88a406,SC,2024-09-21,,PMO,Imported from legacy sheet
jeremy.johnson@example.com,jeremyjohnson,ext_6cdae182,6cdae182,None,,,Security,Imported from legacy sheet
leslie.adams@mail.test,leslieadams,ext_143dca3e,143dca3e,None,,,Security,Imported from legacy sheet
jason.hahn@mail.test,jasonhahn,ext_992997f5,992997f5,None,,,HR,Imported from legacy sheet
nancy.edwards@mail.test,nancyedwards,ext_54ed0564,54ed0564,SC,2025-10-04,,Security,
diana.foster@example.org,dianafoster,ext_ec7e3055,ec7e3055,None,,,HR,Imported from legacy sheet
robin.ellis@example.org,robinellis,ext_1a4c11c8,1a4c11c8,None,,,HR,Imported from legacy sheet
joseph.wright@example.org,josephwright,ext_b8e03253,b8e03253,None,,,HR,Imported from legacy sheet
anna.baker@mail.test,annabaker,ext_79baca9f,79baca9f,None,,,Security,Imported from legacy sheet
brenda.hurst@example.com,brendahurst,ext_384d8e97,384d8e97,None,,,HR,Imported from legacy sheet
reginald.robinson@mail.test,reginaldrobinson,ext_0ff44ec9,0ff44ec9,SC,2024-11-17,,HR,Imported from legacy sheet
whitney.hicks@mail.test,whitneyhicks,ext_e7dbd6c8,e7dbd6c8,None,,,HR,Imported from legacy sheet
christopher.williams@mail.test,christopherwilliams,ext_d8cf061f,d8cf061f,None,,,Security,Imported from legacy sheet
daniel.burton@example.com,danielburton,ext_9bfd4faf,9bfd4faf,None,,,Security,Imported from legacy sheet
laura.henderson@example.com,laurahenderson,ext_f6441858,f6441858,NPPV2,2023-07-08,,Security,Imported from legacy sheet
bryan.james@mail.test,bryanjames,ext_a3a915eb,a3a915eb,SC,2024-04-20,,Security,Imported from legacy sheet
wendy.rice@mail.test,wendyrice,ext_0fc5c8f6,0fc5c8f6,None,,,Security,Imported from legacy sheet
tasha.valencia@example.org,tashavalencia,ext_2b11a8a4,2b11a8a4,None,,,Security,
alexander.le@mail.test,alexanderle,ext_fc3899fa,fc3899fa,None,,,Security,Imported from legacy sheet
erin.herrera@mail.test,erinherrera,ext_f76e0788,f76e0788,NPPV2,2024-03-05,,Security,Imported from legacy sheet
joseph.davidson@example.org,josephdavidson,ext_1afc8c3f,1afc8c3f,NPPV2,2025-03-24,,HR,Imported from legacy sheet
daniel.graham@example.com,danielgraham,ext_2cc8625f,2cc8625f,None,,,Security,Imported from legacy sheet
shawn.mckay@example.org,shawnmckay,ext_0e2de979,0e2de979,None,,,Security,Imported from legacy sheet
nancy.baker@example.org,nancybaker,ext_b0a8bb26,b0a8bb26,None,,,Security,Imported from legacy sheet
vincent.white@mail.test,vincentwhite,ext_db3a4874,db3a4874,None,,,HR,Imported from legacy sheet
rita.harrell@mail.test,ritaharrell,ext_097033e9,097033e9,SC,2023-04-14,,PMO,Imported from legacy sheet
kenneth.fowler@example.com,kennethfowler,ext_e8c08f5e,e8c08f5e,None,,,PMO,Imported from legacy sheet
chelsea.hernandez@example.org,chelseahernandez,ext_d966a5f9,d966a5f9,SC,2023-09-30,,PMO,Imported from legacy sheet
kathryn.ryan@mail.test,kathrynryan,ext_e4e31691,e4e31691,None,,,HR,Imported from legacy sheet
kimberly.moreno@mail.test,kimberlymoreno,ext_0ba33804,0ba33804,SC,2025-08-11,,HR,Imported from legacy sheet
aaron.nguyen@mail.test,aaronnguyen,ext_bf46b51a,bf46b51a,None,,,Security,
andrew.hickman@example.org,andrewhickman,ext_e2a995ca,e2a995ca,SC,2024-11-23,,HR,Imported from legacy sheet
natasha.decker@example.com,natashadecker,ext_e4778aa2,e4778aa2,None,,,Security,Imported from legacy sheet
kyle.brown@mail.test,kylebrown,ext_84ffd609,84ffd609,None,,,PMO,Imported from legacy sheet
natalie.arroyo@example.org,nataliearroyo,ext_17584b4d,17584b4d,SC,2025-02-03,,HR,Imported from legacy sheet
christopher.tucker@example.org,christophertucker,ext_9d8a1f51,9d8a1f51,None,,,Security,Imported from legacy sheet
chad.hodges@example.org,chadhodges,ext_47d634c6,47d634c6,None,,,HR,Imported from legacy sheet
katie.anderson@example.com,katieanderson,ext_87e530f7,87e530f7,None,,,PMO,Imported from legacy sheet
thomas.pierce@mail.test,thomaspierce,ext_d77eff7c,d77eff7c,SC,2023-04-20,,Security,Imported from legacy sheet
joseph.brennan@example.org,josephbrennan,ext_ae0c5969,ae0c5969,None,,,PMO,
rodney.lewis@example.org,rodneylewis,ext_c2861846,c2861846,None,,,HR,Imported from legacy sheet
amber.blair@mail.test,amberblair,ext_47e69995,47e69995,NPPV2,2024-11-30,,Security,
james.collins@example.com,jamescollins,ext_6240ca30,6240ca30,None,,,HR,Imported from legacy sheet
wanda.santos@mail.test,wandasantos,ext_491cc29b,491cc29b,SC,2023-04-06,,Security,
samuel.holmes@example.org,samuelholmes,ext_9471e95b,9471e95b,NPPV2,2023-03-10,,HR,Imported from legacy sheet
david.walker@example.org,davidwalker,ext_0a1b39ea,0a1b39ea,None,,,HR,Imported from legacy sheet
matthew.chapman@example.org,matthewchapman,ext_5e4ab942,5e4ab942,SC,2024-02-27,,PMO,Imported from legacy sheet
jerry.robinson@example.org,jerryrobinson,ext_61c10a63,61c10a63,None,,,PMO,Imported from legacy sheet
chad.welch@example.com,chadwelch,ext_bcba72c8,bcba72c8,NPPV2,2024-01-24,,HR,Imported from legacy sheet
jeremy.whitehead@example.org,jeremywhitehead,ext_e690e869,e690e869,None,,,PMO,Imported from legacy sheet
michele.jones@example.org,michelejones,ext_73d7be0d,73d7be0d,SC,2023-01-27,,HR,Imported from legacy sheet
john.caldwell@example.org,johncaldwell,ext_93f8cb6f,93f8cb6f,NPPV2,2024-07-12,,Security,Imported from legacy sheet
jason.anderson@example.com,jasonanderson,ext_1b095718,1b095718,None,,,PMO,
selena.duncan@example.org,selenaduncan,ext_b5a69c1e,b5a69c1e,None,,,Security,Imported from legacy sheet
thomas.mueller@example.org,thomasmueller,ext_33207df7,33207df7,None,,,PMO,
lindsey.lee@example.com,lindseylee,ext_7260d433,7260d433,None,,,Security,Imported from legacy sheet
collin.jordan@example.com,collinjordan,ext_1d866654,1d866654,NPPV2,2025-01-16,,HR,Imported from legacy sheet
rodney.owens@example.org,rodneyowens,ext_1555b35d,1555b35d,NPPV2,2025-07-14,,Security,Imported from legacy sheet
jessica.nunez@example.org,jessicanunez,ext_a5cb048b,a5cb048b,None,,,PMO,Imported from legacy sheet
tracey.garcia@mail.test,traceygarcia,ext_ba499556,ba499556,None,,,PMO,Imported from legacy sheet
richard.morgan@example.org,richardmorgan,ext_4a4f3cd0,4a4f3cd0,SC,2024-04-29,,PMO,Imported from legacy sheet
michelle.wright@mail.test,michellewright,ext_0c325b04,0c325b04,None,,,HR,Imported from legacy sheet
james.west@example.org,jameswest,ext_545c8b53,545c8b53,SC,2023-05-08,,HR,Imported from legacy sheet
robert.ramirez@example.org,robertramirez,ext_3414a5bc,3414a5bc,SC,2023-06-01,,HR,Imported from legacy sheet
john.leblanc@mail.test,johnleblanc,ext_6f740f25,6f740f25,None,,,Security,Imported from legacy sheet
scott.callahan@example.org,scottcallahan,ext_3bd69e2d,3bd69e2d,None,,,HR,
andrea.williams@mail.test,andreawilliams,ext_987ebd7b,987ebd7b,SC,2024-02-01,,PMO,
yvette.huff@mail.test,yvettehuff,ext_87761ba7,87761ba7,None,,,PMO,Imported from legacy sheet
tanya.house@mail.test,tanyahouse,ext_c077e726,c077e726,None,,,PMO,Imported from legacy sheet
melinda.martin@example.com,melindamartin,ext_ceb12e0b,ceb12e0b,None,,,PMO,Imported from legacy sheet
todd.lewis@example.org,toddlewis,ext_c9728616,c9728616,None,,,PMO,Imported from legacy sheet
richard.brown@example.org,richardbrown,ext_3c95f6dc,3c95f6dc,None,,,PMO,Imported from legacy sheet
nicholas.galloway@example.com,nicholasgalloway,ext_bf6cac5e,bf6cac5e,None,,,HR,Imported from legacy sheet
joseph.bowers@example.com,josephbowers,ext_a6487892,a6487892,None,,,PMO,
spencer.henderson@example.org,spencerhenderson,ext_1264af99,1264af99,None,,,Security,Imported from legacy sheet
susan.cowan@mail.test,susancowan,ext_a6bb9668,a6bb9668,NPPV2,2023-05-10,,Security,Imported from legacy sheet
angela.higgins@example.com,angelahiggins,ext_91c1a26a,91c1a26a,SC,2023-01-08,,PMO,Imported from legacy sheet
eric.phillips@example.com,ericphillips,ext_94339b17,94339b17,SC,2025-01-11,,PMO,
tanya.riley@example.com,tanyariley,ext_f455c707,f455c707,None,,,Security,Imported from legacy sheet
amy.adkins@mail.test,amyadkins,ext_dbee1c02,dbee1c02,None,,,Security,Imported from legacy sheet
brian.silva@mail.test,briansilva,ext_23664ce4,23664ce4,NPPV2,2025-01-31,,PMO,Imported from legacy sheet
wesley.farrell@mail.test,wesleyfarrell,ext_8410ada1,8410ada1,None,,,HR,Imported from legacy sheet
eric.yu@example.com,ericyu,ext_5bf28ddc,5bf28ddc,None,,,HR,Imported from legacy sheet
christopher.lopez@mail.test,christopherlopez,ext_90475783,90475783,None,,,PMO,Imported from legacy sheet
brooke.leonard@example.com,brookeleonard,ext_58b1a7c0,58b1a7c0,None,,,PMO,Imported from legacy sheet
joe.wilson@mail.test,joewilson,ext_d948cfb7,d948cfb7,None,,,PMO,Imported from legacy sheet
pamela.sanchez@mail.test,pamelasanchez,ext_dbe2732d,dbe2732d,SC,2024-03-08,,Security,Imported from legacy sheet
brooke.harvey@example.com,brookeharvey,ext_6184e73b,6184e73b,None,,,HR,Imported from legacy sheet
robert.silva@mail.test,robertsilva,ext_009f1137,009f1137,None,,,PMO,Imported from legacy sheet
alexandra.donovan@example.org,alexandradonovan,ext_71086d7e,71086d7e,NPPV2,2024-07-20,,Security,Imported from legacy sheet
james.moran@example.org,jamesmoran,ext_190291cf,190291cf,None,,,HR,Imported from legacy sheet
john.foster@mail.test,johnfoster,ext_64678255,64678255,None,,,HR,Imported from legacy sheet
emily.evans@mail.test,emilyevans,ext_19fb7f0a,19fb7f0a,SC,2023-07-31,,Security,Imported from legacy sheet
leslie.walton@example.org,lesliewalton,ext_b2d8a112,b2d8a112,SC,2025-03-26,,Security,Imported from legacy sheet
charles.ellis@example.com,charlesellis,ext_e2e9350a,e2e9350a,None,,,HR,Imported from legacy sheet
yolanda.ferrell@example.com,yolandaferrell,ext_73214808,73214808,NPPV2,2025-07-19,,PMO,Imported from legacy sheet
charles.lewis@example.com,charleslewis,ext_556e42f7,556e42f7,None,,,Security,Imported from legacy sheet
joseph.mahoney@example.com,josephmahoney,ext_707c9816,707c9816,None,,,HR,
nicole.suarez@mail.test,nicolesuarez,ext_52091eff,52091eff,None,,,PMO,Imported from legacy sheet
mike.moore@mail.test,mikemoore,ext_5506e5c9,5506e5c9,None,,,HR,Imported from legacy sheet
martha.warner@example.org,marthawarner,ext_b52e1b3a,b52e1b3a,None,,,Security,Imported from legacy sheet
cheryl.archer@example.com,cherylarcher,ext_cfae6f9d,cfae6f9d,NPPV2,2024-04-21,,HR,Imported from legacy sheet
destiny.smith@mail.test,destinysmith,ext_5a91b20b,5a91b20b,None,,,Security,Imported from legacy sheet
lisa.evans@mail.test,lisaevans,ext_a60df3d5,a60df3d5,None,,,Security,Imported from legacy sheet
elizabeth.mcmillan@example.org,elizabethmcmillan,ext_ababf887,ababf887,SC,2025-03-05,,Security,Imported from legacy sheet
dennis.wilson@example.org,denniswilson,ext_cf485d08,cf485d08,None,,,Security,Imported from legacy sheet
daniel.tran@example.org,danieltran,ext_74471093,74471093,None,,,HR,
joseph.jacobs@example.com,josephjacobs,ext_faa25619,faa25619,None,,,HR,Imported from legacy sheet
jennifer.harris@example.org,jenniferharris,ext_df3868fd,df3868fd,SC,2023-04-18,,PMO,Imported from legacy sheet
cynthia.baker@example.com,cynthiabaker,ext_08aaad2b,08aaad2b,None,,,PMO,Imported from legacy sheet
tracy.whitehead@example.com,tracywhitehead,ext_7f9983f0,7f9983f0,None,,,Security,Imported from legacy sheet
meghan.davis@mail.test,meghandavis,ext_876c0b7e,876c0b7e,None,,,Security,Imported from legacy sheet
rodney.hill@example.org,rodneyhill,ext_5c253527,5c253527,None,,,Security,Imported from legacy sheet
adam.wise@example.org,adamwise,ext_a8aebfdf,a8aebfdf,NPPV2,2025-03-26,,Security,Imported from legacy sheet
dana.green@example.org,danagreen,ext_8766e68f,8766e68f,None,,,Security,
joyce.arnold@example.com,joycearnold,ext_ea658ad8,ea658ad8,None,,,PMO,Imported from legacy sheet
ronald.smith@mail.test,ronaldsmith,ext_a34ca3e9,a34ca3e9,None,,,PMO,Imported from legacy sheet
charles.ware@example.com,charlesware,ext_c194ec40,c194ec40,None,,,PMO,Imported from legacy sheet
rebecca.gardner@example.com,rebeccagardner,ext_957f1175,957f1175,SC,2025-05-05,,HR,Imported from legacy sheet
mary.aguilar@example.org,maryaguilar,ext_736dfc48,736dfc48,SC,2024-02-06,,PMO,Imported from legacy sheet
earl.anderson@example.com,earlanderson,ext_a68387c0,a68387c0,SC,2023-09-10,,HR,Imported from legacy sheet
kyle.nolan@mail.test,kylenolan,ext_56c1baa5,56c1baa5,None,,,PMO,Imported from legacy sheet
laura.valencia@mail.test,lauravalencia,ext_baa47049,baa47049,SC,2023-07-22,,PMO,Imported from legacy sheet
rachel.clark@mail.test,rachelclark,ext_3a2391e9,3a2391e9,None,,,Security,Imported from legacy sheet
john.garcia@example.com,johngarcia,ext_fa588e66,fa588e66,None,,,Security,Imported from legacy sheet
kimberly.henson@mail.test,kimberlyhenson,ext_39caa130,39caa130,None,,,Security,Imported from legacy sheet
richard.oliver@example.com,richardoliver,ext_d1656e77,d1656e77,None,,,HR,Imported from legacy sheet
eric.spears@mail.test,ericspears,ext_8128faf2,8128faf2,None,,,HR,Imported from legacy sheet
michelle.cherry@example.com,michellecherry,ext_7a5ea8fc,7a5ea8fc,None,,,PMO,Imported from legacy sheet
lisa.keith@example.com,lisakeith,ext_2b099cfc,2b099cfc,None,,,Security,Imported from legacy sheet
angel.doyle@example.com,angeldoyle,ext_18926fe7,18926fe7,None,,,Security,Imported from legacy sheet
martin.galvan@example.com,martingalvan,ext_1573f685,1573f685,NPPV2,2024-12-03,,HR,Imported from legacy sheet
leah.shields@mail.test,leahshields,ext_2c6cafaf,2c6cafaf,SC,2023-10-14,,PMO,Imported from legacy sheet
lisa.adams@mail.test,lisaadams,ext_98995e6f,98995e6f,SC,2024-07-27,,HR,Imported from legacy sheet
kristin.rodriguez@example.com,kristinrodriguez,ext_e3730aec,e3730aec,SC,2023-10-30,,HR,Imported from legacy sheet
monica.garrison@example.org,monicagarrison,ext_92b42410,92b42410,None,,,PMO,Imported from legacy sheet
jeffrey.velasquez@example.org,jeffreyvelasquez,ext_5f5b4fe4,5f5b4fe4,NPPV2,2023-12-08,,PMO,Imported from legacy sheet
steven.torres@example.org,steventorres,ext_e30791dd,e30791dd,None,,,Security,Imported from legacy sheet
laura.perez@example.com,lauraperez,ext_e866925a,e866925a,None,,,HR,
andrew.lee@example.com,andrewlee,ext_1f681b0e,1f681b0e,None,,,Security,Imported from legacy sheet
mark.lin@mail.test,marklin,ext_05054811,05054811,SC,2025-02-13,,PMO,Imported from legacy sheet
tammy.ramirez@example.com,tammyramirez,ext_c173e495,c173e495,None,,,HR,Imported from legacy sheet
darlene.ross@mail.test,darleneross,ext_7003144f,7003144f,NPPV2,2025-01-29,,HR,Imported from legacy sheet
tina.herrera@example.com,tinaherrera,ext_19c07e54,19c07e54,None,,,Security,Imported from legacy sheet
sheila.wilson@mail.test,sheilawilson,ext_3c1b0fc6,3c1b0fc6,None,,,Security,Imported from legacy sheet
tara.white@example.org,tarawhite,ext_264719ad,264719ad,SC,2023-03-18,,HR,Imported from legacy sheet
sydney.baker@example.org,sydneybaker,ext_7da1d067,7da1d067,NPPV2,2025-06-15,,HR,Imported from legacy sheet
daniel.hamilton@example.com,danielhamilton,ext_24bba6d6,24bba6d6,None,,,Security,Imported from legacy sheet
jessica.edwards@example.com,jessicaedwards,ext_66c74acd,66c74acd,None,,,PMO,Imported from legacy sheet
catherine.dixon@mail.test,catherinedixon,ext_f47d2e2d,f47d2e2d,None,,,HR,Imported from legacy sheet
paul.ray@mail.test,paulray,ext_4fdbcce9,4fdbcce9,None,,,PMO,Imported from legacy sheet
jonathan.fletcher@example.com,jonathanfletcher,ext_65165201,65165201,None,,,HR,Imported from legacy sheet
aaron.frost@mail.test,aaronfrost,ext_67ff5b1f,67ff5b1f,None,,,PMO,Imported from legacy sheet
amanda.ball@example.com,amandaball,ext_44b8accb,44b8accb,None,,,HR,Imported from legacy sheet
judy.lambert@mail.test,judylambert,ext_cf7729da,cf7729da,None,,,HR,Imported from legacy sheet
michael.jones@example.com,michaeljones,ext_de0280ed,de0280ed,None,,,HR,Imported from legacy sheet
elizabeth.rivera@mail.test,elizabethrivera,ext_81c6296b,81c6296b,NPPV2,2023-06-19,,PMO,Imported from legacy sheet
lee.charles@example.org,leecharles,ext_2ee4b749,2ee4b749,SC,2023-09-01,,PMO,Imported from legacy sheet
jennifer.evans@mail.test,jenniferevans,ext_c66c3ca0,c66c3ca0,None,,,Security,Imported from legacy sheet
kyle.ortiz@example.org,kyleortiz,ext_59448ae3,59448ae3,None,,,Security,Imported from legacy sheet
richard.phillips@example.com,richardphillips,ext_6378544e,6378544e,None,,,Security,
david.fisher@example.com,davidfisher,ext_84e92e5e,84e92e5e,SC,2023-03-11,,HR,Imported from legacy sheet
shelby.byrd@example.com,shelbybyrd,ext_63f565ed,63f565ed,None,,,HR,Imported from legacy sheet
raven.gilbert@mail.test,ravengilbert,ext_8612c0a2,8612c0a2,None,,,HR,Imported from legacy sheet
kevin.kelley@example.org,kevinkelley,ext_a2477fd6,a2477fd6,None,,,HR,Imported from legacy sheet
aaron.mitchell@example.com,aaronmitchell,ext_3b8a1757,3b8a1757,SC,2025-04-13,,PMO,Imported from legacy sheet
russell.carpenter@example.com,russellcarpenter,ext_0b913361,0b913361,None,,,Security,Imported from legacy sheet
diana.marshall@example.com,dianamarshall,ext_e7378fd0,e7378fd0,SC,2024-12-23,,PMO,Imported from legacy sheet
scott.lewis@example.com,scottlewis,ext_6aa3ea54,6aa3ea54,None,,,Security,
thomas.santana@mail.test,thomassantana,ext_ebdd8ea8,ebdd8ea8,None,,,HR,Imported from legacy sheet
laura.jackson@example.org,laurajackson,ext_b8392a08,b8392a08,None,,,Security,Imported from legacy sheet
christopher.robertson@example.com,christopherrobertson,ext_ce989446,ce989446,SC,2023-09-12,,PMO,Imported from legacy sheet
cynthia.rogers@example.org,cynthiarogers,ext_9d54a514,9d54a514,None,,,PMO,Imported from legacy sheet
loretta.potter@example.com,lorettapotter,ext_d6d1179d,d6d1179d,SC,2022-12-12,,Security,Imported from legacy sheet
emily.walker@example.com,emilywalker,ext_311589ea,311589ea,None,,,PMO,Imported from legacy sheet
james.johnson@example.org,jamesjohnson,ext_fc5b4fe2,fc5b4fe2,None,,,Security,Imported from legacy sheet
john.alvarez@example.com,johnalvarez,ext_1eda817b,1eda817b,None,,,HR,Imported from legacy sheet
melissa.jones@example.com,melissajones,ext_98154d34,98154d34,SC,2025-09-02,,Security,Imported from legacy sheet
robert.soto@example.com,robertsoto,ext_e4b7cc24,e4b7cc24,None,,,PMO,Imported from legacy sheet
james.horton@example.com,jameshorton,ext_73d179ab,73d179ab,SC,2024-03-31,,HR,Imported from legacy sheet
troy.sanchez@mail.test,troysanchez,ext_4d572907,4d572907,None,,,PMO,Imported from legacy sheet
diana.smith@example.org,dianasmith,ext_15282333,15282333,None,,,PMO,Imported from legacy sheet
karen.carrillo@mail.test,karencarrillo,ext_8a213a09,8a213a09,None,,,PMO,Imported from legacy sheet
daniel.coleman@example.org,danielcoleman,ext_041bcdf7,041bcdf7,None,,,Security,Imported from legacy sheet
gregory.rubio@mail.test,gregoryrubio,ext_efde6ea7,efde6ea7,SC,2025-04-23,,PMO,Imported from legacy sheet
april.williams@mail.test,aprilwilliams,ext_ed7c8ab1,ed7c8ab1,None,,,Security,Imported from legacy sheet
john.charles@example.org,johncharles,ext_758a671c,758a671c,NPPV2,2023-03-07,,Security,Imported from legacy sheet
stephen.solis@example.org,stephensolis,ext_f3a88d1e,f3a88d1e,None,,,Security,Imported from legacy sheet
elizabeth.travis@mail.test,elizabethtravis,ext_10ed53c0,10ed53c0,None,,,PMO,Imported from legacy sheet
caitlin.dodson@mail.test,caitlindodson,ext_2e931c26,2e931c26,None,,,PMO,Imported from legacy sheet
patricia.salazar@mail.test,patriciasalazar,ext_82074458,82074458,None,,,PMO,Imported from legacy sheet
jennifer.wagner@mail.test,jenniferwagner,ext_1a2a8188,1a2a8188,None,,,HR,Imported from legacy sheet
maria.kelley@mail.test,mariakelley,ext_635f9e16,635f9e16,None,,,PMO,Imported from legacy sheet
phyllis.manning@mail.test,phyllismanning,ext_e4651a70,e4651a70,None,,,PMO,Imported from legacy sheet
thomas.green@mail.test,thomasgreen,ext_4d75eded,4d75eded,NPPV2,2023-10-11,,PMO,Imported from legacy sheet
john.walsh@example.org,johnwalsh,ext_391efb8e,391efb8e,None,,,HR,Imported from legacy sheet
katie.boyd@example.org,katieboyd,ext_d1ccc58c,d1ccc58c,NPPV2,2024-09-25,,HR,Imported from legacy sheet
courtney.hill@example.org,courtneyhill,ext_82db951d,82db951d,None,,,PMO,Imported from legacy sheet
chris.mitchell@mail.test,chrismitchell,ext_97d89180,97d89180,SC,2025-07-22,,Security,Imported from legacy sheet
joseph.flores@example.com,josephflores,ext_0c1ae51a,0c1ae51a,None,,,PMO,Imported from legacy sheet
amber.taylor@mail.test,ambertaylor,ext_890629e5,890629e5,SC,2024-04-30,,PMO,Imported from legacy sheet
jesse.benson@example.com,jessebenson,ext_7e5d7715,7e5d7715,SC,2024-11-26,,Security,Imported from legacy sheet
jasmine.brown@example.com,jasminebrown,ext_3eb64aca,3eb64aca,SC,2023-01-07,,PMO,Imported from legacy sheet
rick.daniels@example.com,rickdaniels,ext_d8d7dad1,d8d7dad1,None,,,HR,Imported from legacy sheet
robert.clark@example.com,robertclark,ext_478b242d,478b242d,None,,,PMO,Imported from legacy sheet
robert.stein@example.com,robertstein,ext_28484441,28484441,None,,,Security,Imported from legacy sheet
brandy.dominguez@example.com,brandydominguez,ext_6786151e,6786151e,None,,,PMO,Imported from legacy sheet
melissa.cannon@example.org,melissacannon,ext_706dd3d6,706dd3d6,None,,,PMO,Imported from legacy sheet
omar.smith@example.com,omarsmith,ext_e956db2a,e956db2a,None,,,Security,Imported from legacy sheet
michael.molina@mail.test,michaelmolina,ext_ad0d5dbd,ad0d5dbd,NPPV2,2025-04-19,,HR,Imported from legacy sheet
melissa.ashley@example.org,melissaashley,ext_0ea3645a,0ea3645a,None,,,PMO,Imported from legacy sheet
robert.adkins@example.com,robertadkins,ext_8819315f,8819315f,None,,,PMO,Imported from legacy sheet
amy.morrison@mail.test,amymorrison,ext_751b7512,751b7512,None,,,PMO,Imported from legacy sheet
jeffrey.robinson@example.com,jeffreyrobinson,ext_dc290325,dc290325,NPPV2,2025-04-28,,Security,
ryan.johnson@example.com,ryanjohnson,ext_2fdb0ed8,2fdb0ed8,None,,,Security,Imported from legacy sheet
matthew.shelton@mail.test,matthewshelton,ext_01e5cd4d,01e5cd4d,None,,,HR,Imported from legacy sheet
richard.martin@mail.test,richardmartin,ext_1ec5a515,1ec5a515,None,,,HR,Imported from legacy sheet
tanner.anderson@example.com,tanneranderson,ext_19513cf6,19513cf6,NPPV2,2022-12-26,,HR,Imported from legacy sheet
cindy.johnson@example.com,cindyjohnson,ext_72e04a51,72e04a51,None,,,Security,Imported from legacy sheet
phillip.elliott@example.com,phillipelliott,ext_328a9da6,328a9da6,None,,,Security,
anthony.day@example.com,anthonyday,ext_8af29aea,8af29aea,None,,,Security,Imported from legacy sheet
derek.murray@example.org,derekmurray,ext_dd5d10aa,dd5d10aa,None,,,Security,Imported from legacy sheet
brent.gray@example.org,brentgray,ext_72fffcec,72fffcec,None,,,HR,
jason.murphy@example.org,jasonmurphy,ext_60c36a34,60c36a34,SC,2025-05-12,,Security,
kathleen.gray@example.com,kathleengray,ext_056532e8,056532e8,SC,2025-01-27,,HR,Imported from legacy sheet
karen.decker@example.org,karendecker,ext_be0ca7a6,be0ca7a6,NPPV2,2024-04-02,,HR,Imported from legacy sheet
johnny.miller@example.org,johnnymiller,ext_55510b3a,55510b3a,None,,,PMO,Imported from legacy sheet
andrew.ryan@example.com,andrewryan,ext_36da746e,36da746e,SC,2023-04-22,,HR,Imported from legacy sheet
zoe.bell@example.com,zoebell,ext_4cdddc1a,4cdddc1a,SC,2023-07-25,,PMO,Imported from legacy sheet
debra.harrington@mail.test,debraharrington,ext_2ebf7d04,2ebf7d04,None,,,HR,Imported from legacy sheet
denise.webster@mail.test,denisewebster,ext_9f09c8d2,9f09c8d2,NPPV2,2024-06-02,,PMO,Imported from legacy sheet
stefanie.gonzalez@example.org,stefaniegonzalez,ext_21e33b13,21e33b13,None,,,Security,Imported from legacy sheet
andrew.hernandez@example.com,andrewhernandez,ext_aebb6d5a,aebb6d5a,NPPV2,2024-12-19,,HR,Imported from legacy sheet
david.caldwell@example.com,davidcaldwell,ext_76a85aa6,76a85aa6,None,,,PMO,Imported from legacy sheet
anne.robinson@example.com,annerobinson,ext_9040380c,9040380c,None,,,Security,Imported from legacy sheet
holly.wang@example.org,hollywang,ext_a916cf8e,a916cf8e,SC,2023-11-22,,HR,Imported from legacy sheet
gary.lawson@example.org,garylawson,ext_8d58d31a,8d58d31a,SC,2024-04-16,,PMO,Imported from legacy sheet
julie.wilson@example.org,juliewilson,ext_065cc3cf,065cc3cf,SC,2023-01-18,,Security,Imported from legacy sheet
lori.oconnell@example.org,lorioconnell,ext_6d164ecb,6d164ecb,None,,,PMO,Imported from legacy sheet
daniel.johnson@mail.test,danieljohnson,ext_d739f06c,d739f06c,None,,,PMO,Imported from legacy sheet
larry.byrd@mail.test,larrybyrd,ext_6c846457,6c846457,NPPV2,2024-04-10,,HR,Imported from legacy sheet
susan.sanders@example.com,susansanders,ext_3401cb10,3401cb10,None,,,PMO,Imported from legacy sheet
jennifer.jones@example.com,jenniferjones,ext_a01287e4,a01287e4,None,,,Security,Imported from legacy sheet
hannah.burton@mail.test,hannahburton,ext_bff4c7dc,bff4c7dc,None,,,Security,Imported from legacy sheet
curtis.barton@mail.test,curtisbarton,ext_3f58bd24,3f58bd24,None,,,Security,
melissa.burke@mail.test,melissaburke,ext_785595cb,785595cb,None,,,PMO,Imported from legacy sheet
david.riggs@example.org,davidriggs,ext_c00e26e6,c00e26e6,SC,2024-02-10,,Security,Imported from legacy sheet
kimberly.reed@example.org,kimberlyreed,ext_04d1b17f,04d1b17f,None,,,Security,Imported from legacy sheet
ross.wood@example.com,rosswood,ext_444dc1af,444dc1af,None,,,HR,Imported from legacy sheet
william.peterson@example.com,williampeterson,ext_9ebf38a7,9ebf38a7,None,,,PMO,Imported from legacy sheet
melissa.short@example.com,melissashort,ext_b6f15cbb,b6f15cbb,None,,,PMO,Imported from legacy sheet
daniel.yu@example.org,danielyu,ext_89ca1355,89ca1355,None,,,PMO,Imported from legacy sheet
cynthia.poole@mail.test,cynthiapoole,ext_307667ce,307667ce,None,,,PMO,Imported from legacy sheet
jasmine.graham@example.com,jasminegraham,ext_f86e8352,f86e8352,None,,,PMO,Imported from legacy sheet
jessica.sheppard@mail.test,jessicasheppard,ext_12179068,12179068,None,,,HR,Imported from legacy sheet
joseph.morton@example.org,josephmorton,ext_2773c6f1,2773c6f1,SC,2024-12-06,,HR,Imported from legacy sheet
amanda.webb@example.org,amandawebb,ext_b8805172,b8805172,SC,2024-04-15,,HR,Imported from legacy sheet
ryan.simon@example.com,ryansimon,ext_6a7141a6,6a7141a6,None,,,PMO,Imported from legacy sheet
joseph.christian@mail.test,josephchristian,ext_2eb308ee,2eb308ee,None,,,PMO,Imported from legacy sheet
mariah.miller@example.com,mariahmiller,ext_9a9aa0f9,9a9aa0f9,None,,,Security,Imported from legacy sheet
nicole.sanchez@example.com,nicolesanchez,ext_d0753d97,d0753d97,SC,2024-03-15,,Security,Imported from legacy sheet
steven.bishop@example.com,stevenbishop,ext_bd4bcf5e,bd4bcf5e,SC,2024-09-23,,PMO,
nicholas.johnson@example.org,nicholasjohnson,ext_e49cc25e,e49cc25e,None,,,HR,Imported from legacy sheet
melissa.white@mail.test,melissawhite,ext_e8394845,e8394845,None,,,Security,Imported from legacy sheet
jason.salinas@mail.test,jasonsalinas,ext_b35177df,b35177df,None,,,HR,Imported from legacy sheet
matthew.beard@example.org,matthewbeard,ext_9b0b09ae,9b0b09ae,None,,,PMO,Imported from legacy sheet
jacqueline.hill@example.com,jacquelinehill,ext_e38a4092,e38a4092,None,,,HR,Imported from legacy sheet
alejandro.vaughan@mail.test,alejandrovaughan,ext_2d787b0f,2d787b0f,None,,,HR,Imported from legacy sheet
christopher.cortez@example.com,christophercortez,ext_1de1bcb0,1de1bcb0,None,,,Security,Imported from legacy sheet
tracy.chang@example.com,tracychang,ext_f1262524,f1262524,None,,,PMO,Imported from legacy sheet
hannah.brewer@example.org,hannahbrewer,ext_3f04060a,3f04060a,None,,,HR,Imported from legacy sheet
travis.mcguire@mail.test,travismcguire,ext_ae8bb934,ae8bb934,None,,,HR,Imported from legacy sheet
christopher.walker@mail.test,christopherwalker,ext_28c33ecc,28c33ecc,None,,,Security,Imported from legacy sheet
heather.torres@example.com,heathertorres,ext_25e95bdd,25e95bdd,None,,,Security,
bonnie.kennedy@example.com,bonniekennedy,ext_e0a9ef62,e0a9ef62,None,,,PMO,
alyssa.coleman@example.com,alyssacoleman,ext_9c4406d1,9c4406d1,None,,,PMO,Imported from legacy sheet
julie.rivera@mail.test,julierivera,ext_730507c4,730507c4,None,,,Security,Imported from legacy sheet
jacqueline.nelson@example.com,jacquelinenelson,ext_0c229710,0c229710,None,,,PMO,Imported from legacy sheet
john.martinez@mail.test,johnmartinez,ext_f597ac21,f597ac21,None,,,Security,Imported from legacy sheet
james.wilson@mail.test,jameswilson,ext_0d241f3c,0d241f3c,None,,,HR,Imported from legacy sheet
amanda.gill@example.org,amandagill,ext_6333b3cf,6333b3cf,NPPV2,2024-03-16,,Security,
jacob.robinson@example.com,jacobrobinson,ext_261969b4,261969b4,SC,2022-11-19,,Security,Imported from legacy sheet
todd.hardy@example.org,toddhardy,ext_fac9015e,fac9015e,None,,,HR,Imported from legacy sheet
tiffany.warren@mail.test,tiffanywarren,ext_2d4987e4,2d4987e4,SC,2023-03-09,,Security,Imported from legacy sheet
justin.garcia@mail.test,justingarcia,ext_81783c3a,81783c3a,None,,,HR,
james.perez@example.org,jamesperez,ext_88f59ddc,88f59ddc,NPPV2,2025-05-28,,PMO,Imported from legacy sheet
harry.smith@example.com,harrysmith,ext_d560ecad,d560ecad,NPPV2,2025-07-18,,HR,Imported from legacy sheet
amanda.hill@example.com,amandahill,ext_e37b62c1,e37b62c1,NPPV2,2025-08-17,,Security,Imported from legacy sheet
terri.tran@example.com,territran,ext_493b6096,493b6096,None,,,PMO,Imported from legacy sheet
heidi.martinez@example.org,heidimartinez,ext_c9198d37,c9198d37,None,,,HR,Imported from legacy sheet
miranda.henry@example.com,mirandahenry,ext_a1f96342,a1f96342,None,,,Security,Imported from legacy sheet
monique.andrews@example.org,moniqueandrews,ext_5219f2cd,5219f2cd,SC,2023-09-18,,Security,Imported from legacy sheet
taylor.alexander@example.com,tayloralexander,ext_7c1c24b2,7c1c24b2,None,,,Security,Imported from legacy sheet
jack.williams@example.org,jackwilliams,ext_11bed1b0,11bed1b0,SC,2023-04-02,,Security,Imported from legacy sheet
shelley.woods@mail.test,shelleywoods,ext_6325fa32,6325fa32,SC,2024-11-26,,Security,Imported from legacy sheet
lynn.morales@example.org,lynnmorales,ext_38dc137b,38dc137b,None,,,PMO,Imported from legacy sheet
charles.soto@example.com,charlessoto,ext_82274ed6,82274ed6,None,,,HR,Imported from legacy sheet
brian.hernandez@example.com,brianhernandez,ext_bf56d048,bf56d048,NPPV2,2024-09-23,,PMO,Imported from legacy sheet
anna.torres@mail.test,annatorres,ext_53ea2e5e,53ea2e5e,None,,,HR,Imported from legacy sheet
victoria.wilson@example.org,victoriawilson,ext_ccc23495,ccc23495,None,,,Security,Imported from legacy sheet
kathy.obrien@example.com,kathyobrien,ext_99f1b6a5,99f1b6a5,SC,2023-03-06,,Security,Imported from legacy sheet
krystal.perez@example.com,krystalperez,ext_77187543,77187543,NPPV2,2025-05-08,,HR,Imported from legacy sheet
alexandra.hayes@example.org,alexandrahayes,ext_758fdedf,758fdedf,None,,,Security,Imported from legacy sheet
scott.dalton@example.org,scottdalton,ext_8eb63aba,8eb63aba,None,,,HR,Imported from legacy sheet
veronica.torres@mail.test,veronicatorres,ext_7794a53d,7794a53d,SC,2023-04-11,,PMO,Imported from legacy sheet
christine.lynch@mail.test,christinelynch,ext_e27a307e,e27a307e,None,,,Security,Imported from legacy sheet
jody.meza@mail.test,jodymeza,ext_71eb7559,71eb7559,None,,,HR,
jared.clark@example.com,jaredclark,ext_5915f27e,5915f27e,None,,,HR,Imported from legacy sheet
donna.moore@mail.test,donnamoore,ext_1f18da41,1f18da41,None,,,Security,Imported from legacy sheet
glenn.jones@example.com,glennjones,ext_4ca7433c,4ca7433c,SC,2024-12-13,,PMO,Imported from legacy sheet
aaron.hayes@example.com,aaronhayes,ext_e060cf55,e060cf55,SC,2023-04-15,,PMO,Imported from legacy sheet
brittney.carter@mail.test,brittneycarter,ext_f35af651,f35af651,SC,2024-09-25,,HR,Imported from legacy sheet
jesse.mann@mail.test,jessemann,ext_419183b0,419183b0,None,,,Security,Imported from legacy sheet
jacqueline.gibson@mail.test,jacquelinegibson,ext_a4d0d026,a4d0d026,None,,,Security,
grace.bradshaw@example.org,gracebradshaw,ext_71230baa,71230baa,None,,,Security,Imported from legacy sheet
kristin.weber@example.org,kristinweber,ext_73a2b6e5,73a2b6e5,None,,,Security,Imported from legacy sheet
donna.peck@example.org,donnapeck,ext_48132096,48132096,None,,,Security,Imported from legacy sheet
ronald.stephens@example.com,ronaldstephens,ext_df328a3e,df328a3e,None,,,Security,Imported from legacy sheet
deborah.kerr@example.com,deborahkerr,ext_88522e1c,88522e1c,None,,,Security,Imported from legacy sheet
margaret.jones@mail.test,margaretjones,ext_9f0d6160,9f0d6160,NPPV2,2023-02-22,,PMO,Imported from legacy sheet
gabriel.parker@example.org,gabrielparker,ext_7bd01f0c,7bd01f0c,None,,,HR,Imported from legacy sheet
kaitlyn.carroll@mail.test,kaitlyncarroll,ext_999e554e,999e554e,SC,2023-03-04,,Security,Imported from legacy sheet
keith.martinez@example.com,keithmartinez,ext_d4f88793,d4f88793,None,,,Security,
haley.lyons@example.org,haleylyons,ext_d8f6915e,d8f6915e,SC,2023-08-24,,HR,Imported from legacy sheet
sherri.mason@example.com,sherrimason,ext_2d4b7458,2d4b7458,None,,,PMO,Imported from legacy sheet
troy.miller@example.com,troymiller,ext_1300bcc0,1300bcc0,NPPV2,2025-09-03,,HR,Imported from legacy sheet
bill.reynolds@example.org,billreynolds,ext_df69350b,df69350b,None,,,HR,Imported from legacy sheet
marcus.wright@mail.test,marcuswright,ext_6178253f,6178253f,None,,,Security,Imported from legacy sheet
christopher.hayden@mail.test,christopherhayden,ext_0f4cbc4d,0f4cbc4d,NPPV2,2023-11-07,,Security,Imported from legacy sheet
mary.johnston@example.com,maryjohnston,ext_6505f2fd,6505f2fd,SC,2025-03-16,,HR,Imported from legacy sheet
stephanie.key@example.com,stephaniekey,ext_c2be769f,c2be769f,None,,,PMO,Imported from legacy sheet
emily.adams@example.com,emilyadams,ext_8a04b44d,8a04b44d,None,,,HR,
billy.avila@mail.test,billyavila,ext_25783e1d,25783e1d,None,,,Security,Imported from legacy sheet
thomas.pearson@example.org,thomaspearson,ext_95ed2371,95ed2371,None,,,HR,Imported from legacy sheet
sabrina.white@example.org,sabrinawhite,ext_cb04574d,cb04574d,NPPV2,2024-04-01,,PMO,Imported from legacy sheet
brenda.walters@mail.test,brendawalters,ext_cc2eff64,cc2eff64,SC,2025-05-29,,HR,Imported from legacy sheet
travis.davis@example.org,travisdavis,ext_b53d23c1,b53d23c1,None,,,Security,Imported from legacy sheet
michael.cook@example.org,michaelcook,ext_09d3437e,09d3437e,None,,,PMO,Imported from legacy sheet
elizabeth.hodge@mail.test,elizabethhodge,ext_99ba9002,99ba9002,SC,2025-06-22,,Security,Imported from legacy sheet
mark.steele@mail.test,marksteele,ext_770f6d91,770f6d91,None,,,HR,Imported from legacy sheet
keith.landry@example.com,keithlandry,ext_72cd8644,72cd8644,SC,2025-11-10,,Security,Imported from legacy sheet
lisa.pierce@mail.test,lisapierce,ext_b7987bff,b7987bff,SC,2025-05-30,,HR,Imported from legacy sheet
shawn.edwards@example.com,shawnedwards,ext_3d741e7a,3d741e7a,None,,,Security,Imported from legacy sheet
marcus.cordova@example.org,marcuscordova,ext_8c8ec5b2,8c8ec5b2,None,,,HR,Imported from legacy sheet
richard.robertson@mail.test,richardrobertson,ext_94780316,94780316,None,,,HR,Imported from legacy sheet
vanessa.sandoval@example.org,vanessasandoval,ext_f6e67361,f6e67361,None,,,HR,Imported from legacy sheet
amy.gutierrez@example.com,amygutierrez,ext_962a6a85,962a6a85,None,,,PMO,Imported from legacy sheet
jacob.cox@example.com,jacobcox,ext_c289c8c9,c289c8c9,SC,2025-10-25,,PMO,Imported from legacy sheet
katherine.garrett@example.org,katherinegarrett,ext_4edd9b74,4edd9b74,SC,2024-04-13,,HR,Imported from legacy sheet
kathleen.harris@example.org,kathleenharris,ext_5a437e8a,5a437e8a,None,,,Security,Imported from legacy sheet
andrea.pennington@example.com,andreapennington,ext_467b1f2a,467b1f2a,None,,,PMO,Imported from legacy sheet
samuel.wolfe@example.com,samuelwolfe,ext_7543b774,7543b774,None,,,PMO,Imported from legacy sheet
david.dudley@mail.test,daviddudley,ext_654f6cd9,654f6cd9,NPPV2,2025-03-30,,PMO,Imported from legacy sheet
chelsea.allen@example.org,chelseaallen,ext_fb3bd9b2,fb3bd9b2,None,,,Security,Imported from legacy sheet
eric.pierce@example.org,ericpierce,ext_b6085e76,b6085e76,SC,2023-12-24,,Security,Imported from legacy sheet
andrea.davis@mail.test,andreadavis,ext_7d7909e7,7d7909e7,None,,,HR,Imported from legacy sheet
victoria.durham@mail.test,victoriadurham,ext_7a8c2d28,7a8c2d28,SC,2023-01-01,,Security,Imported from legacy sheet
steven.wilson@mail.test,stevenwilson,ext_d59ff518,d59ff518,SC,2025-10-19,,Security,Imported from legacy sheet
marilyn.jimenez@example.org,marilynjimenez,ext_b6490010,b6490010,None,,,Security,Imported from legacy sheet
jennifer.hicks@example.com,jenniferhicks,ext_9c393c82,9c393c82,SC,2023-08-09,,HR,Imported from legacy sheet
joshua.davenport@example.org,joshuadavenport,ext_e5b55f2d,e5b55f2d,SC,2023-11-15,,PMO,Imported from legacy sheet
tina.sanchez@example.com,tinasanchez,ext_2b10830c,2b10830c,SC,2023-06-29,,Security,Imported from legacy sheet
andrea.reyes@mail.test,andreareyes,ext_3aef8dc7,3aef8dc7,None,,,PMO,Imported from legacy sheet
sandra.romero@mail.test,sandraromero,ext_629aeee7,629aeee7,None,,,Security,Imported from legacy sheet
natasha.shields@mail.test,natashashields,ext_e2c11d93,e2c11d93,SC,2024-12-04,,HR,Imported from legacy sheet
joshua.tyler@mail.test,joshuatyler,ext_3c0b664e,3c0b664e,SC,2022-11-21,,HR,
robert.villa@example.org,robertvilla,ext_175a0546,175a0546,None,,,PMO,
william.hoover@example.com,williamhoover,ext_41080f04,41080f04,SC,2023-02-27,,PMO,Imported from legacy sheet
justin.evans@example.com,justinevans,ext_71586d19,71586d19,SC,2024-10-09,,Security,Imported from legacy sheet
brenda.duarte@mail.test,brendaduarte,ext_bee4fa80,bee4fa80,None,,,Security,Imported from legacy sheet
tracy.hernandez@example.com,tracyhernandez,ext_f0e628f7,f0e628f7,None,,,PMO,Imported from legacy sheet
amanda.reed@example.org,amandareed,ext_f94b9e7f,f94b9e7f,None,,,HR,Imported from legacy sheet
andrea.daniels@mail.test,andreadaniels,ext_e1fffbe3,e1fffbe3,None,,,Security,Imported from legacy sheet
stanley.morris@example.org,stanleymorris,ext_1381e69e,1381e69e,None,,,Security,Imported from legacy sheet
jacob.terry@example.org,jacobterry,ext_906c6a75,906c6a75,SC,2023-04-27,,HR,Imported from legacy sheet
ashley.hall@example.org,ashleyhall,ext_0e644714,0e644714,None,,,PMO,
kimberly.williams@mail.test,kimberlywilliams,ext_cfc87d6b,cfc87d6b,SC,2024-10-31,,HR,Imported from legacy sheet
julie.thornton@example.com,juliethornton,ext_fcad6878,fcad6878,None,,,Security,Imported from legacy sheet
lisa.hughes@example.com,lisahughes,ext_985d9ce9,985d9ce9,None,,,HR,Imported from legacy sheet
elizabeth.hoover@mail.test,elizabethhoover,ext_f428b6e6,f428b6e6,None,,,PMO,Imported from legacy sheet
tina.simpson@example.org,tinasimpson,ext_82f9ab17,82f9ab17,None,,,PMO,Imported from legacy sheet
benjamin.shaw@example.org,benjaminshaw,ext_80a1c115,80a1c115,None,,,Security,Imported from legacy sheet
brittany.kane@mail.test,brittanykane,ext_1e246a5d,1e246a5d,None,,,Security,Imported from legacy sheet
morgan.alexander@example.org,morganalexander,ext_15f8b9a9,15f8b9a9,None,,,HR,Imported from legacy sheet
alicia.bryant@example.org,aliciabryant,ext_359038a7,359038a7,None,,,PMO,Imported from legacy sheet
jennifer.ortiz@mail.test,jenniferortiz,ext_25ff4aee,25ff4aee,None,,,PMO,Imported from legacy sheet
diana.moore@example.com,dianamoore,ext_042e302e,042e302e,NPPV2,2024-08-30,,HR,Imported from legacy sheet
terrance.costa@example.com,terrancecosta,ext_8ad1aa55,8ad1aa55,None,,,Security,Imported from legacy sheet
matthew.schwartz@mail.test,matthewschwartz,ext_1d8c861b,1d8c861b,NPPV2,2025-03-30,,Security,Imported from legacy sheet
debra.christian@example.com,debrachristian,ext_1cce8884,1cce8884,NPPV2,2023-02-17,,Security,Imported from legacy sheet
melissa.villarreal@example.com,melissavillarreal,ext_1ae42a18,1ae42a18,None,,,HR,Imported from legacy sheet
norman.stewart@mail.test,normanstewart,ext_ff9f0290,ff9f0290,SC,2023-03-28,,Security,Imported from legacy sheet
jennifer.malone@mail.test,jennifermalone,ext_61561611,61561611,SC,2023-04-02,,Security,Imported from legacy sheet
monique.johnson@example.org,moniquejohnson,ext_9716dcd3,9716dcd3,SC,2024-12-30,,HR,Imported from legacy sheet
casey.welch@example.org,caseywelch,ext_dbcf95f0,dbcf95f0,SC,2023-11-30,,HR,Imported from legacy sheet
samantha.bright@mail.test,samanthabright,ext_f1ba0044,f1ba0044,None,,,PMO,Imported from legacy sheet
julie.hamilton@example.com,juliehamilton,ext_0e1838a3,0e1838a3,None,,,Security,Imported from legacy sheet
corey.schultz@example.com,coreyschultz,ext_03ca2b96,03ca2b96,None,,,HR,Imported from legacy sheet
monique.wallace@example.org,moniquewallace,ext_f006cdb9,f006cdb9,None,,,Security,Imported from legacy sheet
heather.berger@example.com,heatherberger,ext_9729c355,9729c355,None,,,Security,Imported from legacy sheet
brandon.flynn@example.com,brandonflynn,ext_8f4e2def,8f4e2def,None,,,HR,Imported from legacy sheet
kelly.brooks@example.com,kellybrooks,ext_4ad5ca1e,4ad5ca1e,None,,,Security,Imported from legacy sheet
dustin.schmidt@example.com,dustinschmidt,ext_c562d562,c562d562,None,,,HR,
ashlee.sparks@mail.test,ashleesparks,ext_3918d12b,3918d12b,None,,,HR,Imported from legacy sheet
george.miller@example.org,georgemiller,ext_22fef20c,22fef20c,None,,,HR,Imported from legacy sheet
monica.harvey@example.org,monicaharvey,ext_3d4db395,3d4db395,None,,,Security,Imported from legacy sheet
john.durham@example.com,johndurham,ext_3540cba9,3540cba9,SC,2025-06-28,,Security,Imported from legacy sheet
douglas.murray@example.org,douglasmurray,ext_88aea5f9,88aea5f9,SC,2023-08-16,,Security,Imported from legacy sheet
jonathan.scott@mail.test,jonathanscott,ext_3da67f63,3da67f63,None,,,Security,Imported from legacy sheet
albert.ballard@mail.test,albertballard,ext_c2d5c338,c2d5c338,None,,,PMO,
rachel.byrd@example.com,rachelbyrd,ext_8be52c47,8be52c47,None,,,Security,Imported from legacy sheet
eric.alexander@example.com,ericalexander,ext_19ad3849,19ad3849,None,,,Security,Imported from legacy sheet
michael.matthews@example.com,michaelmatthews,ext_226aa1fe,226aa1fe,None,,,PMO,Imported from legacy sheet
danielle.coleman@example.org,daniellecoleman,ext_18002c39,18002c39,SC,2023-09-26,,Security,Imported from legacy sheet
john.bruce@example.org,johnbruce,ext_af58544b,af58544b,SC,2025-05-23,,Security,Imported from legacy sheet
james.cruz@example.org,jamescruz,ext_c793a661,c793a661,SC,2025-03-22,,HR,Imported from legacy sheet
timothy.young@example.com,timothyyoung,ext_4eb787f1,4eb787f1,None,,,PMO,Imported from legacy sheet
ashley.andrews@mail.test,ashleyandrews,ext_e831d2ca,e831d2ca,None,,,Security,
victoria.phillips@example.org,victoriaphillips,ext_a59236e4,a59236e4,None,,,Security,
tiffany.barrett@example.com,tiffanybarrett,ext_3a35b633,3a35b633,NPPV2,2025-02-06,,PMO,Imported from legacy sheet
joshua.knight@example.org,joshuaknight,ext_e5192ac0,e5192ac0,None,,,HR,Imported from legacy sheet
gina.garner@example.org,ginagarner,ext_973d8e71,973d8e71,SC,2023-02-09,,PMO,Imported from legacy sheet
brandon.obrien@example.org,brandonobrien,ext_890c61fa,890c61fa,None,,,PMO,Imported from legacy sheet
tyler.strong@example.com,tylerstrong,ext_fd2733bd,fd2733bd,SC,2025-03-30,,PMO,Imported from legacy sheet
justin.lindsey@example.com,justinlindsey,ext_3f1aad1f,3f1aad1f,None,,,Security,Imported from legacy sheet
catherine.gomez@example.com,catherinegomez,ext_09adb425,09adb425,SC,2025-07-28,,Security,
dana.oliver@example.org,danaoliver,ext_e4ebae31,e4ebae31,None,,,Security,Imported from legacy sheet
erica.le@mail.test,ericale,ext_f803f783,f803f783,None,,,PMO,Imported from legacy sheet
donna.massey@example.com,donnamassey,ext_6356767c,6356767c,SC,2023-05-01,,PMO,Imported from legacy sheet
courtney.berger@example.com,courtneyberger,ext_e0c71e4d,e0c71e4d,SC,2024-05-23,,PMO,Imported from legacy sheet
debbie.parker@example.com,debbieparker,ext_8a6ab9c9,8a6ab9c9,SC,2024-07-02,,Security,Imported from legacy sheet
scott.riley@mail.test,scottriley,ext_4b7ea553,4b7ea553,None,,,PMO,Imported from legacy sheet
jessica.davis@example.com,jessicadavis,ext_97c27b56,97c27b56,None,,,PMO,Imported from legacy sheet
kenneth.burgess@mail.test,kennethburgess,ext_1505d5fd,1505d5fd,SC,2024-04-13,,HR,Imported from legacy sheet
gregory.anderson@mail.test,gregoryanderson,ext_c75b72d5,c75b72d5,SC,2023-09-12,,PMO,Imported from legacy sheet
amber.mata@example.org,ambermata,ext_a4a4b074,a4a4b074,None,,,PMO,Imported from legacy sheet
alyssa.mcintyre@example.org,alyssamcintyre,ext_7c5bc120,7c5bc120,None,,,PMO,Imported from legacy sheet
maria.scott@example.org,mariascott,ext_053476ad,053476ad,SC,2023-02-06,,HR,Imported from legacy sheet
makayla.olson@example.com,makaylaolson,ext_5b07736f,5b07736f,None,,,HR,Imported from legacy sheet
lindsay.francis@example.org,lindsayfrancis,ext_37d582d7,37d582d7,SC,2023-03-30,,Security,Imported from legacy sheet
matthew.wilson@example.org,matthewwilson,ext_6f46a50d,6f46a50d,None,,,PMO,Imported from legacy sheet
sydney.taylor@mail.test,sydneytaylor,ext_1d78e619,1d78e619,None,,,HR,Imported from legacy sheet
tammy.dalton@example.org,tammydalton,ext_45cd1973,45cd1973,None,,,PMO,Imported from legacy sheet
jennifer.whitney@example.com,jenniferwhitney,ext_bce0074f,bce0074f,None,,,HR,
tammy.ballard@example.org,tammyballard,ext_52ba3185,52ba3185,None,,,PMO,
michael.gibbs@mail.test,michaelgibbs,ext_ce60e713,ce60e713,SC,2025-07-16,,PMO,Imported from legacy sheet
alexander.herrera@example.com,alexanderherrera,ext_a64d9687,a64d9687,None,,,PMO,Imported from legacy sheet
shawn.chambers@example.org,shawnchambers,ext_85552a67,85552a67,SC,2023-03-29,,PMO,Imported from legacy sheet
emily.richards@mail.test,emilyrichards,ext_ab6f992b,ab6f992b,None,,,Security,Imported from legacy sheet
lynn.bentley@example.org,lynnbentley,ext_e1d06426,e1d06426,None,,,PMO,Imported from legacy sheet
daniel.hall@example.org,danielhall,ext_ab961970,ab961970,None,,,HR,
angel.henson@mail.test,angelhenson,ext_44e90aa7,44e90aa7,None,,,Security,Imported from legacy sheet
anna.herman@example.com,annaherman,ext_33beb2f6,33beb2f6,None,,,Security,Imported from legacy sheet
jeffrey.brown@example.com,jeffreybrown,ext_ccc1d887,ccc1d887,None,,,Security,Imported from legacy sheet
madison.blankenship@mail.test,madisonblankenship,ext_c33f5d5c,c33f5d5c,SC,2025-06-03,,PMO,Imported from legacy sheet
kevin.ortiz@example.com,kevinortiz,ext_ea15e208,ea15e208,NPPV2,2025-10-10,,Security,Imported from legacy sheet
donald.shah@example.org,donaldshah,ext_c44e5d1d,c44e5d1d,SC,2023-02-19,,Security,Imported from legacy sheet
kevin.vasquez@example.com,kevinvasquez,ext_a1b449eb,a1b449eb,None,,,HR,
colton.clay@mail.test,coltonclay,ext_ddecfcdb,ddecfcdb,None,,,HR,Imported from legacy sheet
derek.chavez@example.org,derekchavez,ext_d6d251be,d6d251be,None,,,PMO,Imported from legacy sheet
ellen.paul@mail.test,ellenpaul,ext_b0743719,b0743719,None,,,Security,Imported from legacy sheet
sonya.barnes@mail.test,sonyabarnes,ext_4b20a5a9,4b20a5a9,None,,,Security,Imported from legacy sheet
julia.moore@mail.test,juliamoore,ext_d62f4270,d62f4270,None,,,HR,Imported from legacy sheet
robert.garcia@example.com,robertgarcia,ext_51825bbf,51825bbf,None,,,HR,Imported from legacy sheet
tracy.russell@example.com,tracyrussell,ext_52d6f5da,52d6f5da,NPPV2,2025-08-05,,Security,Imported from legacy sheet
stephanie.johnson@mail.test,stephaniejohnson,ext_7dbff3c0,7dbff3c0,None,,,PMO,Imported from legacy sheet
mitchell.ramos@mail.test,mitchellramos,ext_e3179a47,e3179a47,SC,2024-11-27,,PMO,Imported from legacy sheet
stephanie.foley@example.com,stephaniefoley,ext_fd15561c,fd15561c,SC,2023-12-11,,HR,Imported from legacy sheet
